name,pos,min,gm,g,a,cy,sh,sot,sotp,gps,fl,fld,crs,intc,tkw
Nicolás Acevedo,MFDF,1659,19,0,0,6,24,7,29.2,0.00,42,26,11,29,35
Luciano Acosta,MF,1126,17,3,4,5,25,9,36.0,0.12,17,19,22,7,9
Adson,MF,531,10,0,0,0,17,5,29.4,0.00,4,8,10,7,8
Braian Aguirre,DFMF,508,14,1,1,1,12,4,33.3,0.08,9,2,37,6,10
Yuri Alberto,FW,1417,17,3,2,2,36,17,47.2,0.08,23,12,4,1,3
José Aldo,MF,1206,17,0,1,7,14,5,35.7,0.00,25,11,8,16,15
Alerrandro,FW,918,20,3,3,1,28,10,35.7,0.11,18,21,3,4,4
Alesson,MFFW,1216,18,0,4,2,28,14,50.0,0.00,17,25,50,2,18
Caio Alexandre,MF,502,11,0,0,1,3,0,0.0,0.00,12,13,10,5,7
Matheus Alexandre,DF,217,10,0,0,1,1,0,0.0,0.00,4,0,5,8,4
Alexsander,MF,91,5,0,0,1,2,0,0.0,0.00,2,4,2,1,2
Alisson,MF,256,8,0,1,3,1,1,100.0,0.00,7,5,1,1,3
Allan,MF,463,10,0,0,3,2,0,0.0,0.00,12,5,1,9,5
Allex,MFDF,315,8,0,0,1,3,1,33.3,0.00,3,8,23,2,4
João Almeida,DF,4,1,0,0,0,0,0,,,0,0,0,0,0
Kayky Almeida,DF,486,7,0,0,1,5,2,40.0,0.00,5,1,9,11,5
Júnior Alonso,DF,900,10,0,0,2,5,1,20.0,0.00,9,5,0,10,9
David Alves França,MF,1,1,0,0,0,0,0,,,0,0,0,0,0
Francis Amuzu,MFFW,1162,18,1,3,0,30,8,26.7,0.03,12,24,26,2,5
João Ananias,DF,246,4,0,0,1,1,0,0.0,0.00,5,3,0,2,9
Anderson,GK,540,6,0,0,0,1,0,0.0,0.00,0,1,0,0,0
Felipe Anderson,MFFW,404,14,2,1,1,11,3,27.3,0.18,8,5,12,5,9
Léo Andrade,DF,295,4,0,0,1,0,0,,,4,1,3,5,6
André,MF,994,17,3,2,1,15,4,26.7,0.20,18,16,0,11,15
Andrey,MF,23,1,0,0,0,1,1,100.0,0.00,0,1,2,0,0
Fabrizio Angileri,DF,408,8,1,0,3,2,1,50.0,0.50,4,5,18,2,6
Anthoni,GK,810,9,0,0,0,0,0,,,0,1,0,0,0
Marcos Antônio,MF,1068,14,0,2,1,13,1,7.7,0.00,13,13,9,3,12
David Antunes,MF,168,7,0,0,0,4,0,0.0,0.00,3,2,2,0,3
Guilherme Arana,DF,824,14,1,1,2,14,5,35.7,0.07,9,5,30,4,8
Willian Arão,MF,856,15,0,0,1,1,0,0.0,0.00,8,5,1,8,15
Luiz Araújo,MF,364,11,1,1,2,9,3,33.3,0.11,6,5,15,1,12
Michel Araujo,MF,269,13,0,0,2,5,1,20.0,0.00,9,5,3,1,7
Robert Arboleda,DF,497,8,0,0,0,2,1,50.0,0.00,5,1,0,5,17
Lucas Arcanjo,GK,1530,17,0,0,1,0,0,,,1,0,0,0,0
Benjamin Arhin,MF,1,1,0,0,0,0,0,,,1,0,0,0,0
Jhon Arias,MF,1251,16,4,2,4,33,12,36.4,0.12,19,21,24,11,21
Giorgian de Arrascaeta,MF,885,13,3,1,1,30,10,33.3,0.07,5,15,51,0,9
Keny Arroyo,MF,978,17,2,2,6,34,12,35.3,0.06,16,21,40,8,6
Arthur,DF,814,14,0,0,0,8,1,12.5,0.00,15,8,27,10,13
Artur,MF,1035,12,2,1,1,24,11,45.8,0.08,5,18,94,4,8
Giovanni Augusto,MFFW,605,13,0,1,1,5,2,40.0,0.00,8,16,25,4,5
Ryan Augusto,DF,234,5,0,0,0,5,1,20.0,0.00,3,4,24,0,4
Matheus Aurelio,GK,270,3,0,0,1,0,0,,,0,0,0,0,0
Avellar,DF,6,1,0,0,0,0,0,,,0,0,1,1,0
Matheus Bahia,DFMF,882,13,0,1,2,6,2,33.3,0.00,14,15,28,10,13
Fabián Balbuena,DF,585,7,0,0,0,1,0,0.0,0.00,2,1,0,11,4
Gabriel Baralhas,MF,1532,18,2,3,4,22,5,22.7,0.09,30,22,11,31,20
Gabriel Barbosa,FW,893,13,7,2,5,30,7,23.3,0.20,6,8,6,2,2
Lucas Barbosa,MFFW,1589,18,4,2,5,48,17,35.4,0.08,36,34,40,13,16
Alexander Barboza,DF,154,2,0,0,1,0,0,53.8,0.08,5,0,0,0,0
Álvaro Barreal,MF,1104,17,4,1,5,30,10,33.3,0.13,20,14,45,11,20
Jordan Barrera,MF,374,11,1,0,0,11,5,45.5,0.09,8,5,4,3,4
Kadir Barría,MFFW,291,11,1,1,2,13,4,30.8,0.08,17,6,1,1,1
Cauan Barros,MF,1285,17,3,0,4,18,3,16.7,0.17,31,45,2,23,17
Bastos,DF,520,6,0,0,1,0,0,,,9,2,0,6,7
Thiago Beltrame,GK,74,1,0,0,0,0,0,,,1,1,0,0,0
Gastón Benavídez,MFDF,1450,17,0,5,5,7,3,42.9,0.00,18,17,30,14,7
Luis Benedetti,DF,23,2,0,0,0,0,0,,,1,1,0,0,0
Alexandro Bernabei,MFDF,1554,18,4,1,7,42,14,33.3,0.10,39,19,86,20,20
Facundo Bernal,MF,549,10,0,0,2,9,2,22.2,0.00,10,6,0,3,10
Bernard,MF,894,17,1,3,0,9,2,22.2,0.11,11,15,40,9,8
João Bezerra,FW,7,1,0,0,0,1,1,100.0,0.00,0,0,0,0,0
Matheus Bidu,DF,1370,16,2,1,5,14,3,21.4,0.14,21,46,41,18,16
Damián Bobadilla,MF,1132,15,0,2,3,14,5,35.7,0.00,20,7,11,17,8
Yannick Bolasie,FW,1175,17,1,1,3,30,9,30.0,0.03,23,16,18,3,1
Gabriel Bontempo,MF,1169,18,0,2,2,12,2,16.7,0.00,7,19,25,9,15
Daniel Borges,DF,367,5,0,0,0,5,1,20.0,0.00,2,7,16,0,4
Marllon Borges,DF,1800,20,1,0,3,5,1,20.0,0.20,11,12,1,22,15
Rafael Borré,FW,1058,18,2,1,2,28,12,42.9,0.07,27,15,10,5,9
David Braga,MF,234,7,0,0,2,0,0,,,3,7,4,1,2
Martin Braithwaite,MFFW,406,13,0,0,0,2,1,50.0,0.00,7,5,1,0,2
Gabriel Brazão,GK,1620,18,0,0,4,1,1,100.0,0.00,1,2,0,1,0
Brenner,FWMF,589,14,1,1,1,17,6,35.3,0.06,5,11,2,1,5
Breno,MF,1212,18,8,1,3,19,12,63.2,0.42,8,25,36,2,5
José Breno,MF,29,2,0,0,0,0,0,,,1,0,0,1,0
Emanuel Brítez,DF,103,2,0,0,1,2,0,0.0,0.00,3,1,1,1,2
Bruninho,MF,312,9,0,0,0,9,7,77.8,0.00,5,5,5,2,1
Fabrício Bruno,DF,1761,20,0,0,5,13,3,23.1,0.00,10,5,7,11,9
Kaiki Bruno,DF,1416,16,0,2,1,18,6,33.3,0.00,36,16,35,19,26
Vitor Bueno,MFFW,816,14,2,2,0,15,8,53.3,0.13,10,9,50,4,4
Gustavo Caballero,FW,73,2,0,0,0,3,0,0.0,0.00,0,2,6,0,1
Arthur Cabral,FW,1371,17,7,1,3,36,19,52.8,0.19,27,23,1,0,7
Jovane Cabral,FWMF,13,1,0,1,0,1,0,0.0,0.00,0,0,5,0,0
Cacá,DF,1340,16,1,0,4,6,2,33.3,0.17,10,4,1,8,7
Victor Caetano,DF,647,8,0,0,2,1,0,0.0,0.00,8,1,0,8,9
Diego Caito,DF,22,1,1,0,0,2,1,50.0,0.50,0,0,0,1,0
Calebe,MF,10,1,0,0,0,0,0,,,0,1,1,0,0
Jonathan Calleri,FW,1502,18,7,1,4,42,15,35.7,0.14,28,38,20,4,6
Camilo,MF,1422,17,0,0,4,14,2,14.3,0.00,26,16,7,26,25
Juan Camilo Portilla,MF,894,17,0,0,4,6,1,16.7,0.00,20,11,2,11,10
Camutanga,DF,599,8,0,0,0,3,1,33.3,0.00,3,4,0,6,9
Luan Cândido,DF,1086,14,0,2,1,9,3,33.3,0.00,9,8,5,16,4
Germán Cano,FW,109,7,0,0,0,8,3,37.5,0.00,0,0,2,0,0
Agustín Canobbio,MF,1071,14,4,2,4,25,12,48.0,0.16,20,22,43,2,13
Aitor Cantalapiedra,MF,338,8,0,0,1,2,1,50.0,0.00,5,8,27,4,2
Juninho Capixaba,DF,1517,17,3,2,9,23,6,26.1,0.13,35,21,62,21,23
Johan Carbonero,MFFW,1386,20,5,3,3,47,15,31.9,0.11,23,40,31,2,4
Edson Carioca,FWMF,698,14,2,0,4,15,4,26.7,0.13,16,8,12,4,7
Igor Cariús,DF,36,1,0,0,0,0,0,,,1,1,1,0,1
Jean Carlos Vicente,MF,659,17,2,2,2,18,6,33.3,0.11,5,6,61,5,4
Jorge Carrascal,MF,679,14,2,1,1,20,7,35.0,0.10,8,14,41,2,11
André Carrillo,MF,802,17,0,1,2,4,0,0.0,0.00,24,6,14,6,16
Rafael Carvalheira,MF,893,14,2,0,2,14,4,28.6,0.14,19,4,6,9,9
Mateo Cassierra,FW,854,16,2,1,1,23,8,34.8,0.09,10,8,0,0,2
Cássio,GK,421,5,0,0,0,0,0,,,0,2,0,0,0
Rodrigo Castillo,FW,509,12,3,1,1,16,7,43.8,0.19,20,14,0,3,4
Franco Catarozzi,MF,23,1,0,0,0,0,0,,,2,0,0,0,0
Caue,DF,269,4,0,0,1,2,0,0.0,0.00,6,0,8,7,5
Gustavo Cazonatti,MF,14,1,0,0,0,0,0,,,0,0,0,0,0
Murilo Cerqueira,DF,1576,18,1,1,3,11,4,36.4,0.09,25,3,3,11,12
Kaio César,MF,502,9,2,1,2,10,6,60.0,0.20,6,21,9,3,12
Kayky Chagas,MF,75,6,0,0,0,5,2,40.0,0.00,0,2,3,0,4
Gabriel Chapecó,GK,90,1,0,0,0,0,0,,,0,0,0,0,0
Gabriel Chaves,MF,61,1,0,0,0,3,2,66.7,0.00,1,2,0,0,0
Chico,FWMF,67,5,0,0,0,0,0,,,2,2,0,2,1
Chiqueti,MF,221,8,0,0,1,9,2,22.2,0.00,8,9,5,0,2
Christian,MF,1249,17,5,3,1,20,8,40.0,0.25,19,20,18,15,13
Mamady Cissé,MF,244,10,1,0,0,7,2,28.6,0.14,5,6,1,1,3
Walter Clar,DFMF,765,10,3,1,0,10,6,60.0,0.10,3,1,19,7,6
Claudinho,DF,115,2,0,0,0,0,0,,,0,1,2,2,1
Robert Conceição,MF,16,1,0,0,0,0,0,,,0,0,0,0,1
Joaquín Correa,FW,183,6,0,1,3,4,1,25.0,0.00,2,4,2,0,2
Tiago Coser,DF,1182,18,1,0,1,4,2,50.0,0.25,18,5,0,14,5
Francisco da Costa,FW,191,7,0,1,0,6,2,33.3,0.00,4,1,1,0,1
Philippe Coutinho,MF,257,3,1,0,0,17,7,41.2,0.06,0,2,15,0,0
João Cruz,MF,501,15,0,3,2,15,5,33.3,0.00,10,5,35,3,6
Tomás Cuello,MF,1294,18,2,1,1,40,11,27.5,0.05,16,29,34,18,14
Carlos Cuesta,DF,899,10,0,1,1,4,1,25.0,0.00,13,3,8,12,5
Braian Cufré,DFMF,32,1,0,0,0,0,0,,,1,0,2,2,0
Cuiabano,DF,931,13,2,3,2,21,9,42.9,0.10,15,14,69,23,26
Matheus Cunha,GK,749,9,0,1,1,0,0,,,0,1,0,0,0
Danielzinho,MF,1356,18,1,1,1,9,2,22.2,0.11,14,33,47,19,12
Danilo,DF,261,6,0,0,2,1,0,0.0,0.00,3,1,2,2,2
David,FW,804,17,2,2,0,15,8,53.3,0.13,10,6,4,0,6
Nicolás De La Cruz,MF,239,11,0,0,3,4,0,0.0,0.00,9,13,11,4,4
Dell,FW,72,4,0,0,0,2,1,50.0,0.00,4,3,0,0,2
Denilson,MF,744,13,1,1,2,6,2,33.3,0.17,21,14,3,17,10
Leonardo Derik,MFDF,550,11,0,0,0,3,1,33.3,0.00,1,1,18,7,9
Arthur Dias,DF,1627,19,0,0,6,5,0,0.0,0.00,18,12,2,22,17
Enzo Díaz,DF,927,13,0,1,7,11,2,18.2,0.00,23,16,40,6,25
Lautaro Díaz,FW,243,8,1,0,0,7,2,28.6,0.14,2,1,1,0,1
Dieguinho,MF,185,10,1,0,0,5,1,20.0,0.20,1,4,11,1,0
Diogenes,GK,180,2,0,0,1,0,0,,,0,0,0,0,0
Dodi,MF,184,6,0,0,2,3,0,0.0,0.00,5,1,0,2,1
Dodô,MF,24,1,0,0,1,0,0,,,1,1,0,1,0
Eduardo Doma,DF,1550,18,1,0,4,12,3,25.0,0.08,16,3,5,16,11
Dória,DF,228,4,1,0,1,3,2,66.7,0.33,5,2,0,5,4
Thiago dos Santos,MF,664,14,0,0,5,4,2,50.0,0.00,15,11,2,6,9
Alexis Duarte,DF,90,1,0,0,1,0,0,,,1,0,0,1,0
David Duarte,DF,1256,14,3,1,3,14,7,50.0,0.21,11,5,0,9,9
Dudu,MF,337,13,2,0,0,13,7,53.8,0.15,3,9,10,1,0
Edenilson,DF,379,8,0,0,1,1,0,0.0,0.00,7,1,0,2,11
Edenílson,MFFW,581,13,3,2,2,11,5,45.5,0.27,10,5,2,3,5
Edson,MF,6,1,0,0,0,0,0,,,1,0,0,0,0
EDU,DF,70,1,0,0,0,0,0,,,0,0,0,0,1
Carlos Eduardo,MFFW,575,13,1,1,1,12,1,8.3,0.00,8,14,15,3,3
Luis Eduardo,DF,180,2,0,0,0,0,0,,,2,0,0,2,2
Vinicius Eduardo,DF,62,2,0,0,1,0,0,,,1,0,2,0,0
Emerson,DF,701,11,0,1,0,3,2,66.7,0.00,13,4,32,8,13
José Enamorado,MFFW,864,18,0,2,3,13,3,23.1,0.00,15,25,47,4,15
Ênio,MFFW,758,12,1,0,2,16,5,31.3,0.06,9,27,23,4,3
Erick,MFFW,1384,19,2,4,1,23,8,34.8,0.04,7,39,56,2,6
Gonzalo Escobar,DF,1227,14,0,1,5,9,2,22.2,0.00,16,12,18,24,17
Lucas Esquivel,DFMF,1295,16,1,4,1,13,3,23.1,0.08,27,14,89,11,22
Lucas Evangelista,MF,435,19,0,1,1,7,0,0.0,0.00,5,11,4,1,5
Éverson,GK,1800,20,0,1,0,0,0,,,0,6,0,1,0
Everton,DFMF,1069,16,0,1,6,10,2,20.0,0.00,14,18,44,8,9
Evertton,MF,917,16,0,1,4,17,0,0.0,0.00,19,3,2,10,5
Fabinho,MF,223,6,0,0,2,0,0,50.0,0.00,8,4,0,4,2
Fábio,GK,1890,21,0,0,1,0,0,,,1,4,0,1,1
Fabrício,FW,202,9,0,1,0,6,3,50.0,0.00,3,3,3,0,3
Fagner,DF,874,14,0,3,3,0,0,,,18,6,45,5,14
Juan Felipe Aguirre,DF,1341,17,1,0,1,9,5,55.6,0.11,21,4,0,19,8
Luiz Felipe,DF,50,2,0,0,0,0,0,,,0,0,5,2,1
Matheus Felipe,DF,90,1,0,0,1,0,0,,,2,0,0,1,1
Felipinho,MF,360,7,0,0,2,3,0,0.0,0.00,7,0,0,7,6
Davi Fernandes,,17,2,0,0,0,0,0,,,1,0,0,0,0
Matheus Fernandes,MF,663,12,0,1,2,12,1,8.3,0.00,13,5,3,10,4
Nathan Fernandes,DF,81,4,0,1,0,1,0,0.0,0.00,2,3,1,1,1
Roger Fernandes,FW,33,2,0,0,0,1,1,100.0,0.00,1,0,3,0,0
Fernandinho,FWMF,30,2,0,0,0,0,0,,,0,1,0,0,1
Fernando,MF,354,10,2,1,0,14,5,35.7,0.14,7,9,7,4,4
Luiz Fernando,FWMF,10,1,0,0,0,0,0,,,1,0,0,0,1
Nahuel Ferraresi,DF,1098,14,1,0,4,4,1,25.0,0.25,16,8,2,17,16
Ferreira,MFFW,569,15,4,0,2,20,7,35.0,0.20,6,13,24,0,4
Djhordney Ferreira,MF,61,2,0,0,1,0,0,,,3,0,0,2,1
Nicolás Ferreira,FW,21,1,0,0,0,1,0,0.0,0.00,2,0,2,0,0
Riquelme Fillipi,FW,64,3,0,0,0,1,1,100.0,0.00,2,1,1,1,0
Nathan Fogaça,FW,352,10,2,0,2,17,9,52.9,0.12,12,6,7,0,0
Jeferson Forneck,MF,5,1,0,0,0,0,0,,,0,0,0,0,1
Matheus França,FW,65,3,0,0,0,1,0,0.0,0.00,2,0,1,1,0
Alan Franco,MFDF,1304,15,0,1,3,5,2,40.0,0.00,25,4,5,19,15
Lucas Freitas,DF,4,2,0,0,0,0,0,,,0,0,0,0,0
Marlon Freitas,MF,1709,20,2,1,4,12,3,25.0,0.17,22,2,5,14,11
Riquelme Freitas,MF,51,3,0,0,2,0,0,,,3,2,0,0,1
Juan Freytes,DF,1539,18,0,0,4,14,2,14.3,0.00,14,11,5,14,10
Adonis Frías,DF,675,8,1,0,1,5,3,60.0,0.20,4,3,1,7,9
Bruno Fuchs,DF,507,7,0,0,0,0,0,,,5,1,2,6,6
Gabriel,GK,360,4,0,0,0,0,0,33.3,0.00,0,2,0,0,0
Pedro Gabriel,DFMF,760,11,0,1,3,5,3,60.0,0.00,14,2,35,8,12
Rhuan Gabriel,MF,13,1,0,0,0,0,0,,,1,3,0,0,0
Victor Gabriel,DF,1189,16,0,0,7,5,0,0.0,0.00,25,9,5,17,13
Antonio Galeano,MF,292,11,0,0,1,8,4,50.0,0.00,2,7,6,1,0
Ganso,MF,338,12,0,0,1,5,2,40.0,0.00,5,5,17,1,4
Maurício Garcez,FW,436,8,0,0,0,7,1,14.3,0.00,6,7,2,0,4
Rodrigo Garro,MFFW,1324,20,2,6,4,30,13,43.3,0.07,18,55,84,7,3
Gerson,MF,1500,19,0,2,2,17,7,41.2,0.00,23,42,10,9,17
Agustín Giay,DF,1066,16,0,0,3,5,2,40.0,0.00,20,18,24,7,22
Gilberto,MF,252,3,0,0,0,2,0,0.0,0.00,2,1,8,3,2
Bruno Gomes,DFMF,1699,21,0,0,2,15,1,6.7,0.00,20,37,43,15,31
Davi Gomes,FW,25,2,0,0,0,5,2,40.0,0.00,0,0,3,0,1
Igor Gomes,MF,251,6,1,0,1,2,1,50.0,0.50,4,3,3,4,2
Andrés Gómez,MF,1442,18,4,1,6,65,18,27.7,0.06,22,30,82,9,17
Gustavo Gómez,DF,1654,19,3,0,0,16,5,31.3,0.19,17,3,4,12,13
Román Gómez,DF,630,7,1,0,1,9,1,11.1,0.11,9,5,8,16,9
Sebastián Gómez,MF,1316,17,0,0,3,14,4,28.6,0.00,25,19,2,16,15
Nuno Gonçalo Moreira,MF,892,17,1,1,3,20,4,20.0,0.05,12,9,41,5,5
Caíque Gonçalves,MFDF,1362,18,0,0,3,2,1,50.0,0.00,18,21,1,20,20
Rafael Gonzaga,DF,45,1,0,0,0,0,0,,,2,0,3,1,2
Guga,DF,850,13,0,2,2,3,0,0.0,0.00,8,7,31,7,8
Zé Guilherme,DFMF,301,4,0,0,3,3,1,33.3,0.00,5,5,15,7,6
Gustavinho,MF,639,14,1,1,1,9,5,55.6,0.11,15,5,26,4,14
Gustavo,MF,61,4,0,0,0,2,0,0.0,0.00,0,1,2,0,0
Luiz Gustavo,MF,1174,15,2,0,3,19,8,42.1,0.11,18,22,2,10,9
Bruno Henrique,MF,1021,18,0,1,0,19,4,21.1,0.00,21,6,53,11,7
Gustavo Henrique,DF,1530,17,0,0,3,14,4,28.6,0.00,18,10,0,17,8
Matheus Henrique,MF,968,20,0,0,3,9,1,11.1,0.00,15,22,3,9,12
Paulo Henrique,DF,777,12,0,2,3,4,1,25.0,0.00,11,17,33,10,14
Pedro Henrique,DF,873,13,0,0,3,3,0,0.0,0.00,7,10,5,11,5
Hércules,MF,1131,19,3,0,2,28,10,35.7,0.11,30,6,8,7,16
Diego Hernández,MF,162,9,0,1,2,6,3,50.0,0.00,7,1,13,2,4
Jhoan Hernández,DF,48,1,0,0,0,0,0,,,0,0,1,0,0
José Herrera,MFFW,855,16,1,1,3,22,7,31.8,0.05,21,9,26,3,8
Marino Hinestroza,MF,245,9,0,0,0,5,0,0.0,0.00,5,8,8,1,5
Victor Hugo,MFFW,1340,17,4,1,0,19,10,52.6,0.21,3,16,24,8,7
Vitor Hugo,DF,477,7,1,0,1,4,1,25.0,0.25,2,3,0,6,4
Huguinho,MF,513,6,1,0,3,10,3,30.0,0.10,12,10,0,9,8
Hulk,FWMF,906,12,1,3,1,25,7,28.0,0.04,8,32,42,0,3
José Hurtado,DF,1036,14,1,0,2,15,3,20.0,0.07,9,5,30,13,8
Iago,DF,138,4,0,0,0,2,0,0.0,0.00,3,1,7,0,1
Ignácio,DF,681,10,1,1,2,9,1,11.1,0.11,8,7,2,7,4
Isaac,MF,43,3,0,0,0,0,0,,,1,0,1,0,1
Italo,MFFW,715,15,0,0,1,16,1,6.3,0.00,6,10,20,5,4
Zé Ivaldo,DF,358,5,0,0,1,2,2,100.0,0.00,3,4,0,11,3
Ivan,GK,90,1,0,0,0,0,0,,,0,0,0,0,0
Jacy,DF,1374,18,1,0,2,12,1,8.3,0.08,13,20,0,14,20
Jáderson,MF,209,10,0,0,0,3,0,0.0,0.00,2,7,4,0,1
Jadson,MF,974,15,0,1,5,2,0,0.0,0.00,18,17,5,10,19
Jair,MF,21,1,0,0,0,0,0,,,0,0,1,0,0
Jajá,MF,1079,17,5,1,1,30,14,46.7,0.17,12,18,28,5,8
Jamerson,DF,564,10,0,0,1,4,0,0.0,0.00,3,9,14,5,11
Léo Jardim,GK,1800,20,0,0,1,0,0,,,1,2,0,0,0
Jefté,DF,243,7,0,1,1,1,0,0.0,0.00,5,1,5,3,7
Jemmes,DF,1171,15,0,1,3,3,0,0.0,0.00,10,8,0,18,8
Claudio Jesus,MF,423,6,0,1,0,8,1,12.5,0.00,8,6,13,5,7
Felipe Jonatan,DFMF,605,14,0,0,0,8,2,25.0,0.00,3,6,20,1,9
Jonathan,DF,1068,13,0,0,2,9,1,11.1,0.00,14,5,0,28,12
Kaio Jorge,FW,1172,15,5,0,1,33,11,33.3,0.06,4,13,8,2,2
Jorginho,MF,1125,14,2,1,3,6,2,33.3,0.00,14,21,8,13,9
Willian José,FW,1059,20,3,1,0,21,8,38.1,0.10,15,5,1,2,3
Joshua,MF,6,1,0,0,0,0,0,,,1,0,0,0,0
Luciano Juba,DF,1405,17,7,1,3,22,12,54.5,0.23,13,12,54,19,14
Julimar,MFFW,721,13,3,1,2,15,6,40.0,0.13,13,4,19,4,5
Juninho,DF,274,5,0,0,0,1,0,0.0,0.00,0,0,1,3,2
Gilberto Júnior,MF,275,6,0,0,0,1,0,0.0,0.00,3,2,23,1,6
Kauê Junior,FW,66,4,0,0,0,2,1,50.0,0.00,1,5,1,0,1
Robinho Junior,MF,49,4,0,0,0,1,0,0.0,0.00,1,1,1,1,1
Gabriel Justino,DF,587,9,1,0,1,3,2,66.7,0.33,2,7,0,6,10
Walter Kannemann,DF,180,2,0,0,1,2,0,0.0,0.00,4,1,0,1,0
Kanu,DF,237,3,0,0,2,0,0,,,3,1,0,3,2
Kauê,GK,180,2,0,0,2,0,0,,,0,1,0,0,0
Kayke,MF,233,6,0,0,0,2,1,50.0,0.00,1,3,6,0,8
Renato Kayser,FW,742,15,4,1,3,17,8,47.1,0.18,16,13,7,5,0
Kenji,MF,210,8,1,0,2,6,3,50.0,0.17,3,2,12,0,1
John Kennedy,FW,1123,18,9,1,0,38,26,68.4,0.24,19,9,1,0,8
Keno,FWMF,114,6,0,0,0,2,1,50.0,0.00,2,4,4,0,1
Khellven,DFMF,802,15,0,0,3,4,0,0.0,0.00,17,7,20,7,13
Gabriel Knesowitsch,DF,225,3,0,0,1,1,0,0.0,0.00,2,0,0,4,2
Zakaria Labyad,MF,232,11,1,2,1,5,1,20.0,0.20,6,3,14,0,3
Larson,MF,55,4,0,0,0,2,1,50.0,0.00,2,1,0,0,1
Joaquín Lavega,MF,912,19,5,1,3,15,7,46.7,0.33,9,7,12,2,10
Lawan,FW,13,1,0,0,1,0,0,,,1,0,0,0,0
Léo,GK,764,9,0,0,0,0,0,,,0,1,0,0,0
Bruno Leonardo,DF,1309,15,0,0,3,2,0,0.0,0.00,15,10,1,17,7
Hugo Leonardo,MF,19,1,0,0,0,0,0,,,0,0,0,0,0
Leozinho,MF,305,8,3,0,1,14,4,28.6,0.21,5,5,8,2,4
Lima,FWMF,2,1,0,0,1,0,0,,,1,0,0,0,0
Leonardo Linck,GK,90,1,0,0,0,0,0,,,0,0,0,0,0
Jesse Lingard,MFFW,516,11,0,1,2,7,3,42.9,0.00,12,7,16,1,3
Samuel Lino,MF,1274,20,5,7,2,36,14,38.9,0.14,18,34,28,9,16
Vinicius Lira,DF,353,5,0,0,1,3,1,33.3,0.00,6,0,12,4,4
Renan Lodi,DFMF,1693,19,0,2,3,29,7,24.1,0.00,32,43,54,14,15
Marcelo Lomba,GK,90,1,0,0,0,0,0,,,0,0,0,0,0
Bruno Lopes,FW,22,1,0,0,0,2,1,50.0,0.00,1,0,0,0,0
Flaco López,FW,1348,18,6,3,2,34,14,41.2,0.18,29,39,15,6,11
Renzo López,FW,134,6,0,0,0,1,0,0.0,0.00,10,4,0,0,1
Lorran,MF,115,2,1,0,0,4,4,100.0,0.25,2,0,5,1,1
Lucas,MF,28,4,0,0,1,0,0,,,0,1,3,0,1
Ayrton Lucas,DF,491,10,0,1,0,6,2,33.3,0.00,7,1,12,2,6
Jean Lucas,MF,1352,18,2,2,2,20,5,25.0,0.10,31,16,12,13,17
João Lucas,DF,482,6,0,0,3,3,1,33.3,0.00,8,6,16,7,11
Luciano,MFFW,1152,16,6,1,3,30,12,40.0,0.20,19,25,10,2,9
Luighi,FW,165,7,0,0,2,6,1,16.7,0.00,7,6,1,0,3
André Luis,FW,466,12,1,0,1,5,2,40.0,0.20,7,11,0,0,0
José Luis Rodríguez,DFMF,1041,14,2,4,2,27,8,29.6,0.04,5,2,67,9,12
Victor Luis,DF,328,7,0,0,2,3,0,0.0,0.00,8,2,11,4,3
Wallisson Luiz,MF,435,12,0,0,3,3,0,0.0,0.00,16,8,1,14,8
Lyanco,DF,634,9,0,0,4,5,0,0.0,0.00,10,6,2,9,6
Willian Machado,DF,1395,16,1,1,3,10,5,50.0,0.10,10,11,4,19,14
Pablo Maia,MF,668,12,0,0,1,9,0,0.0,0.00,16,9,2,8,6
Thiago Maia,MF,147,10,0,0,0,1,1,100.0,0.00,1,2,0,5,3
Maicon,DF,1019,13,0,0,0,1,0,0.0,0.00,6,4,0,6,6
Maik,DFMF,368,5,0,0,0,1,0,0.0,0.00,3,1,5,3,6
Alef Manga,MFFW,1568,21,5,3,1,39,15,38.5,0.13,16,17,18,6,11
Fernando Marçal,DF,241,7,0,0,0,3,2,66.7,0.00,7,1,14,2,4
Marcelinho,DFMF,1442,18,2,0,2,19,7,36.8,0.11,7,27,70,16,9
João Marcelo,DF,327,6,0,0,0,0,0,,,4,2,0,2,3
Marcinho,FWMF,995,19,2,1,0,21,7,33.3,0.10,11,13,29,3,10
Zé Marcos,DF,158,2,0,0,1,0,0,,,5,1,0,3,2
Marinho,FW,168,8,0,0,0,6,1,16.7,0.00,5,8,3,2,3
Guillermo Maripán,DF,247,3,0,0,0,3,1,33.3,0.00,5,2,0,5,2
Marlon,DF,604,7,1,1,1,5,3,60.0,0.20,10,12,34,10,14
Gustavo Marques,DF,1473,18,0,0,3,12,5,41.7,0.00,12,12,3,16,16
Igor Marques,DFMF,1379,17,4,1,2,18,6,33.3,0.22,26,7,51,30,28
Lucca Marques,MF,114,4,0,0,0,1,0,0.0,0.00,2,0,6,2,1
Renato Marques,FW,62,1,0,0,0,2,1,50.0,0.00,3,2,0,0,0
Marquinhos,DF,9,1,0,0,0,0,0,,,0,0,0,0,1
Martinelli,MF,1182,15,0,1,3,13,4,30.8,0.00,20,8,0,14,7
Emiliano Martínez,MFDF,350,9,0,0,1,4,2,50.0,0.00,5,3,0,12,4
Emmanuel Martínez,MF,1283,17,0,0,7,7,1,14.3,0.00,29,28,4,13,14
Andre Martins,MF,107,5,0,0,3,5,2,40.0,0.00,4,1,0,1,2
David Martins,MF,28,3,0,0,0,0,0,,,1,0,0,0,1
Matheus Martins,MFFW,1038,18,4,0,2,33,18,54.5,0.12,9,21,14,5,13
Gustavo Martins Santos,DF,1074,13,0,2,4,9,1,11.1,0.00,16,3,1,16,13
Matheusinho,DF,139,3,0,0,0,2,0,0.0,0.00,2,4,4,2,1
Matheuzinho,DF,1431,17,1,1,4,11,5,45.5,0.09,19,10,58,22,18
Bruno Matias,MF,122,3,0,0,1,4,0,0.0,0.00,5,2,0,0,2
Mauricio,MFFW,1137,18,4,1,2,31,13,41.9,0.13,14,13,8,11,4
Max,MF,90,1,0,0,0,0,0,,,2,0,1,1,2
Maycon,MF,964,12,2,0,0,9,3,33.3,0.00,9,5,21,14,2
Mayk,DF,1156,13,0,1,0,3,0,0.0,0.00,3,7,42,16,7
Mayke,DF,219,3,0,0,1,1,1,100.0,0.00,4,4,4,1,1
Gabriel Mec,MFFW,688,15,2,0,3,12,3,25.0,0.17,9,19,5,7,8
Cristian Medina,MF,1123,14,1,0,4,17,3,17.6,0.06,16,24,4,13,14
Arthur Melo,MF,807,10,0,0,1,3,0,0.0,0.00,8,31,3,10,4
Bruno Melo,DF,1491,19,1,1,1,9,1,11.1,0.11,8,11,14,10,13
Eduardo Melo,FW,35,1,0,0,0,0,0,,,0,0,0,0,0
Memphis,FW,462,8,1,0,0,6,2,33.3,0.17,5,7,14,0,0
Nathan Mendes,DF,1061,13,0,1,3,2,0,0.0,0.00,15,11,8,17,15
Thiago Mendes,MF,1417,17,3,1,6,13,6,46.2,0.23,13,38,8,10,11
Vinicius Mendonça,MFFW,295,9,0,1,0,2,1,50.0,0.00,1,14,9,0,4
Stiven Mendoza,MF,1678,21,5,0,0,27,11,40.7,0.19,14,16,33,9,10
Gabriel Menegon,GK,12,1,0,0,0,0,0,,,0,0,0,0,0
Gabriel Menino,MF,476,10,1,0,2,13,5,38.5,0.08,7,13,26,7,7
Gabriel Mercado,DF,1115,13,1,0,5,6,2,33.3,0.17,15,8,2,16,16
Higor Meritão,MF,619,11,1,0,1,11,5,45.5,0.09,17,4,0,4,18
Carlos Miguel,GK,1800,20,0,0,3,0,0,,,0,10,0,0,0
Pedro Milans,DF,341,5,0,0,0,1,0,0.0,0.00,5,5,3,6,4
Julián Millán,DF,302,4,0,0,1,3,1,33.3,0.00,6,0,0,2,1
Alan Minda,MF,373,10,2,1,0,12,6,50.0,0.17,2,6,5,2,0
Moises,MF,376,13,2,1,0,9,6,66.7,0.22,5,6,3,2,1
Rodrigo Moledo,DF,117,2,1,0,0,1,1,100.0,1.00,0,2,0,0,1
Miguel Monsalve,MF,322,7,0,0,1,2,0,0.0,0.00,7,9,0,1,2
Rafael Monti,FW,21,1,0,0,0,1,0,0.0,0.00,0,0,0,0,0
Álvaro Montoro,MFFW,1093,17,0,3,3,16,6,37.5,0.00,12,25,15,9,10
Kauã Moraes,DF,455,10,2,1,2,5,4,80.0,0.40,14,13,16,3,11
Breno de Moraes Souza,DF,11,2,0,0,0,0,0,,,1,1,0,1,0
Felipe Morais,MF,59,1,0,0,0,3,0,0.0,0.00,3,1,0,0,0
Santiago Moreno,FWMF,21,3,0,0,0,0,0,,,1,0,2,0,0
Pedro Morisco,GK,415,5,0,0,1,0,0,,,1,2,0,1,0
Henry Mosquera,MFFW,1111,16,0,3,4,34,10,29.4,0.00,16,14,34,4,8
Hugo Moura,MF,582,11,1,0,0,3,1,33.3,0.33,9,8,0,6,4
Lucas Moura,MFFW,320,8,1,1,0,5,3,60.0,0.00,5,6,3,1,0
Neto Moura,MF,722,12,0,0,3,11,2,18.2,0.00,11,6,5,7,2
Nadson,FW,27,1,0,0,0,1,0,0.0,0.00,0,2,2,1,2
Juan Nardoni,MF,899,13,1,1,2,11,3,27.3,0.09,18,14,4,15,7
Bruno Nascimento,FWMF,6,1,0,0,0,0,0,20.0,0.00,0,0,0,0,0
Lucas Emanuel Jales do Nascimento,FW,102,2,1,0,0,2,1,50.0,0.50,2,1,0,1,1
Wesley Natã,FW,15,1,0,0,0,0,0,,,1,0,2,0,0
Natanael,DFMF,1051,13,0,1,0,8,2,25.0,0.00,14,25,20,11,13
Gui Negão,FW,113,5,0,0,0,1,0,0.0,0.00,3,1,2,0,5
Felipe Negrucci,DF,11,1,0,0,0,0,0,,,2,0,0,0,0
Negueba,MFFW,780,9,2,0,3,18,5,27.8,0.11,5,19,66,10,7
Neris,DF,179,4,0,0,0,0,0,,,1,0,0,1,1
Rodrigo Nestor,MF,725,14,1,2,3,25,4,16.0,0.00,16,6,58,9,6
Neto,GK,854,10,0,0,0,0,0,,,0,1,0,0,0
Newton,DF,408,7,0,0,2,3,1,33.3,0.00,3,5,0,4,8
Neymar,MFFW,773,9,6,2,6,30,12,40.0,0.13,12,40,44,0,4
Nicolas,DF,1,1,0,0,0,0,0,,,0,0,0,0,0
Saúl Ñíguez,MF,116,6,0,1,0,2,0,0.0,0.00,3,0,2,1,3
Nonato,MF,484,8,1,1,3,3,1,33.3,0.33,9,4,3,7,7
Erick Noriega,MF,1015,14,1,1,2,7,3,42.9,0.14,18,16,2,15,10
Jhuan Nunes Coelho,FW,7,1,0,0,0,0,0,,,0,0,0,0,1
Brian Ocampo,MF,26,2,0,0,0,2,0,0.0,0.00,1,1,5,0,1
Christian Oliva,MF,854,14,0,2,0,7,0,0.0,0.00,19,9,6,14,15
Lucas Oliveira,DFMF,474,8,1,0,2,3,1,33.3,0.33,2,1,0,5,4
Cauly Oliveira Souza,MFFW,563,12,1,0,0,7,3,42.9,0.00,11,12,29,4,6
Cristian Olivera,FWMF,956,16,1,1,1,22,14,63.6,0.05,12,36,37,4,9
Leo Ortiz,DF,1350,17,1,1,0,4,2,50.0,0.25,11,4,6,18,7
Luis Osorio,DF,295,4,0,1,1,0,0,,,6,2,2,2,4
Osvaldo,FWMF,13,2,0,0,0,1,0,0.0,0.00,0,0,2,0,1
Otávio,MF,170,5,0,0,1,1,1,100.0,0.00,2,1,1,1,0
Luiz Otávio,DF,6,1,0,0,0,0,0,,,0,0,0,0,1
João Othavio Basso,DF,47,2,0,0,0,1,0,0.0,0.00,0,0,0,0,2
Ruan Pablo,FW,18,1,0,0,0,0,0,,,0,0,0,0,0
Bruno Pacheco,DFMF,911,12,0,3,2,3,0,0.0,0.00,10,13,25,9,16
Luis Pacheco,MF,68,3,0,0,2,1,0,0.0,0.00,1,0,1,0,0
Lucas Paquetá,MF,817,12,3,0,2,26,8,30.8,0.12,18,26,5,1,16
Kauã Pascini,DF,120,4,0,0,0,0,0,,,1,0,5,0,1
Patrick,MF,1216,18,0,0,0,15,2,13.3,0.00,12,18,31,8,30
Alan Patrick,MFFW,1065,16,3,0,1,22,6,27.3,0.09,5,25,92,5,12
Patrick de Paula,MF,469,6,0,2,4,17,3,17.6,0.00,8,13,7,4,2
Paulinho,FW,148,6,2,0,1,6,2,33.3,0.33,1,4,4,0,0
Caio Paulista,DF,453,8,0,0,0,4,0,0.0,0.00,2,3,18,12,7
Gabriel Paulista,DF,1440,16,1,0,4,15,2,13.3,0.07,13,10,1,18,10
Vini Paulista,MF,813,20,0,0,3,9,1,11.1,0.00,9,10,4,20,20
Joao Paulo,DF,506,6,1,0,2,3,1,33.3,0.33,11,3,1,5,3
João Paulo,GK,92,2,0,0,1,0,0,,,0,1,0,0,0
Giovanni Pavani,MF,46,2,0,0,0,1,0,0.0,0.00,0,0,0,1,1
Cristian Pavón,DFMF,1400,18,0,3,4,10,4,40.0,0.00,11,7,122,25,21
Pedrinho,MF,51,2,0,0,0,1,1,100.0,0.00,1,3,0,0,0
Pedro,FW,1603,20,12,4,1,43,24,55.8,0.28,15,21,1,4,9
João Pedro Chermont,DFMF,684,12,0,0,0,5,2,40.0,0.00,4,4,22,4,7
João Pedro,MF,35,2,0,0,0,1,0,0.0,0.00,3,1,0,0,0
Léo Pelé,DF,101,2,0,0,0,0,0,,,4,0,1,2,1
Andreas Pereira,MF,1590,20,1,9,3,24,6,25.0,0.04,20,16,132,9,12
Léo Pereira,DF,1443,17,2,0,6,17,4,23.5,0.12,15,11,8,20,8
Matheus Pereira,MF,1582,18,5,2,9,48,15,31.3,0.10,32,73,102,7,9
Luan Peres Petroni,DF,1220,16,0,0,4,3,0,0.0,0.00,14,14,3,12,8
Leonel Pérez,MF,715,11,0,0,3,6,1,16.7,0.00,20,12,0,14,12
Tomás Pérez,MF,786,12,0,0,2,4,2,50.0,0.00,12,3,2,13,7
Pedro Perotti,FW,20,2,0,0,0,0,0,,,2,2,0,0,1
Josué Pesqueira,MF,1535,20,1,8,2,19,6,31.6,0.00,20,30,106,4,9
Neto Pessoa,FW,275,10,2,1,1,14,5,35.7,0.14,6,5,3,1,2
Leonel Picco,MF,863,18,2,1,2,10,3,30.0,0.20,21,3,1,22,22
Samuel Pierri,MF,48,2,0,0,0,1,0,0.0,0.00,2,0,0,0,1
Yago Pikachu,MF,1132,20,2,1,3,20,7,35.0,0.10,8,17,44,3,7
Joaquín Piquerez,DFMF,718,9,0,3,0,7,2,28.6,0.00,4,10,14,6,10
Rafael Pires,GK,1800,20,0,0,1,0,0,,,0,3,0,1,1
Lucas Piton,DF,835,14,0,0,0,6,1,16.7,0.00,9,3,60,6,15
Isidro Pitta,FW,1167,18,6,2,2,39,12,30.8,0.15,19,11,6,2,2
Gonzalo Plata,MF,594,11,2,2,1,22,12,54.5,0.09,8,12,5,5,11
Tomas Pochettino,FWMF,140,4,0,0,0,4,2,50.0,0.00,2,0,11,1,4
Mateo Ponte,DFMF,597,10,0,1,4,2,0,0.0,0.00,7,7,7,8,6
Gabriel Poveda,FW,160,11,0,0,0,2,1,50.0,0.00,4,4,1,1,2
Fernando Pradella,FW,14,1,0,0,0,0,0,,,0,0,0,0,0
Kauã Prates,DF,8,1,0,0,0,0,0,,,0,0,1,0,0
Ángelo Preciado,MFDF,459,8,0,0,2,4,0,0.0,0.00,10,12,12,7,5
Erick Pulga,FWMF,1489,21,0,1,3,22,7,31.8,0.00,23,45,42,8,12
Erick Pulgar,MF,864,11,1,0,5,8,2,25.0,0.13,17,9,3,10,13
Igor Rabello,DF,29,1,0,0,0,1,0,0.0,0.00,0,0,0,1,1
Zé Rafael,MF,165,5,1,1,1,5,1,20.0,0.20,5,5,1,0,3
André Ramalho,DF,556,7,0,0,4,3,0,0.0,0.00,5,9,2,9,3
Eric Ramires,MF,492,13,0,0,1,2,0,0.0,0.00,9,5,1,8,7
Kevin Ramírez,MF,128,3,0,0,0,1,1,100.0,0.00,0,2,1,0,0
Ramon,DF,1555,18,2,0,3,10,4,40.0,0.20,26,13,76,18,21
Lucas Ramon,DF,1145,14,0,1,1,7,3,42.9,0.00,10,22,49,19,17
Vitor Ramon,DF,32,1,0,0,1,0,0,,,1,0,0,0,0
Chris Ramos,FWMF,20,3,0,0,1,3,0,0.0,0.00,2,0,0,0,1
Santi Ramos Mingo,DF,1665,19,0,0,3,9,5,55.6,0.00,15,12,1,25,6
Marcelo Rangel,GK,1800,20,0,0,1,0,0,,,0,4,0,1,1
Pedro Rangel,GK,1475,17,0,0,1,0,0,,,0,4,0,1,3
Raniele,MFDF,1391,18,1,0,5,15,2,13.3,0.07,29,29,5,35,24
Pedro Raul,FW,167,8,0,0,1,3,0,0.0,0.00,5,4,0,0,0
Raykkonen,FW,1,1,0,0,0,0,0,,,0,1,0,0,0
Reinaldo,DFMF,1416,17,0,3,5,21,2,9.5,0.00,11,11,134,9,12
Reinier,FW,627,15,1,1,1,17,9,52.9,0.06,8,8,0,1,0
Renan,FW,99,8,0,0,0,3,0,0.0,0.00,4,5,0,0,1
Robert Renan,DF,1800,20,1,0,1,7,2,28.6,0.14,21,5,8,30,16
Renê,DF,1087,14,0,2,1,9,3,33.3,0.00,9,11,18,17,22
Murilo Rhikman,MF,3,1,0,0,0,0,0,,,0,1,0,0,1
Everton Ribeiro,MF,1031,17,0,4,1,17,4,23.5,0.00,12,27,73,13,15
Zé Ricardo,MF,1100,19,0,1,4,12,5,41.7,0.00,30,22,16,17,16
Riccieli,DF,90,2,0,0,0,1,0,0.0,0.00,1,0,0,3,1
Charles Rigon Matos,MF,193,4,0,0,0,0,0,,,5,1,1,2,4
Tomás Rincón,MF,21,2,0,0,1,0,0,,,3,1,1,0,0
Ramon Rique,MF,87,3,0,1,0,2,1,50.0,0.00,2,0,1,0,2
Riquelme,MF,42,3,0,0,1,0,0,,,3,2,5,0,2
Diogo Riquelme,MF,66,4,0,0,1,1,1,100.0,0.00,3,0,1,1,1
Jorge Rivaldo,FW,9,1,0,0,0,0,0,,,1,0,0,0,0
Paulo Roberto,FW,34,2,1,0,1,1,1,100.0,1.00,1,0,0,0,2
Marcos Rocha,MFDF,154,5,0,0,0,1,0,0.0,0.00,1,1,3,2,0
Pedro Rocha Neves,FW,1561,20,4,1,1,38,15,39.5,0.11,19,23,2,5,3
Sergio Rochet,GK,990,11,0,0,1,0,0,,,0,1,0,0,1
Rodrigo,MF,497,11,2,0,3,12,3,25.0,0.17,14,6,26,2,8
Rodrigues,DF,50,2,0,0,0,0,0,,,0,1,1,1,1
Rodrigo Rodrigues,FW,26,1,0,0,0,0,0,,,3,0,0,0,0
Alan Rodríguez,MF,231,7,0,0,0,3,0,0.0,0.00,5,2,3,1,2
Santiago Rodríguez,MFFW,538,13,0,0,1,1,0,0.0,0.00,13,19,18,1,9
Gabriel Rojas,DF,251,3,0,0,0,1,0,0.0,0.00,7,3,16,4,5
Johan Rojas,MFFW,839,17,0,1,2,34,9,26.5,0.00,14,3,40,2,7
Benjamín Rollheiser,MFFW,579,16,3,0,1,16,7,43.8,0.06,10,4,30,3,5
Iván Román,DF,440,6,1,0,3,3,1,33.3,0.33,12,2,1,7,5
Lucas Romero,MF,1004,14,1,3,3,10,6,60.0,0.10,16,16,2,15,19
Ronald,MF,140,7,0,0,1,4,0,0.0,0.00,5,1,3,0,1
Ronaldo,MF,336,8,1,0,1,6,1,16.7,0.17,10,3,1,1,11
Lucas Ronier,MFFW,1407,18,1,2,3,37,9,24.3,0.03,18,50,29,10,20
Rony,MFFW,916,16,0,0,3,17,4,23.5,0.00,19,27,23,8,10
Caio Roque,DF,115,3,0,0,0,1,0,0.0,0.00,0,2,10,2,3
Vitor Roque,FW,324,9,3,0,1,15,7,46.7,0.13,8,21,4,0,6
Agustín Rossi,GK,1800,20,0,0,0,0,0,,,0,2,0,0,0
Ruan,DF,1509,17,2,0,7,8,3,37.5,0.25,16,14,0,16,12
Victor Sá,FWMF,41,2,0,0,0,0,0,,,2,0,1,2,0
José Sabino,DF,1259,16,1,1,1,7,3,42.9,0.14,21,10,5,15,21
Alan Saldivia,DF,900,10,0,0,3,9,1,11.1,0.00,11,8,1,19,10
Mateo Sanabria,MF,307,12,2,0,1,13,4,30.8,0.15,8,11,15,0,3
Alex Sandro,DF,1241,16,0,0,4,2,0,0.0,0.00,24,14,32,11,14
Agustín Sant'Anna,DF,453,8,0,1,1,5,2,40.0,0.00,7,5,43,1,6
Alex Santana,MF,10,1,0,0,0,1,0,0.0,0.00,0,0,0,0,0
Santos,GK,1890,21,0,0,3,0,0,,,0,3,0,0,0
Ademir Santos,MFFW,846,21,1,1,2,23,8,34.8,0.04,17,26,40,5,12
Bruno Santos,FW,254,3,1,0,0,4,1,25.0,0.25,5,3,3,0,1
Danilo Santos,MF,1163,14,7,2,1,28,12,42.9,0.25,9,6,19,5,9
Eduardo Santos,DF,112,3,0,0,0,1,0,0.0,0.00,1,0,0,0,3
Júnior Santos,FWMF,409,9,1,0,2,8,4,50.0,0.13,6,8,5,1,1
Rafael Santos,GK,360,4,0,0,0,0,0,,,0,0,0,0,0
Eduardo Sasha,FWMF,894,16,1,0,1,20,7,35.0,0.05,1,11,14,5,0
Jefferson Savarino,MF,1109,17,3,2,2,39,14,35.9,0.05,6,15,63,1,3
Savio,DF,200,3,0,0,0,1,0,0.0,0.00,1,5,8,0,3
Gustavo Scarpa,MFFW,323,10,1,0,0,14,3,21.4,0.07,2,6,32,1,1
João Schmidt,MF,622,10,0,0,2,6,0,0.0,0.00,14,4,1,7,8
Cleiton Schwengber,GK,630,7,0,0,1,0,0,,,0,0,0,0,0
Kevin Serna,MF,1130,20,1,1,1,23,6,26.1,0.04,18,22,32,14,10
Shaylon,MF,884,16,1,1,0,11,4,36.4,0.09,13,1,14,4,3
André Silva,FW,341,12,0,0,3,5,4,80.0,0.00,11,6,0,0,0
Kássio da Silva de Jesus,FW,22,1,0,0,0,0,0,,,0,0,0,1,0
Gustavo Silva,MFFW,104,2,0,0,0,1,1,100.0,0.00,1,2,4,0,0
João Pedro Sousa Silva,FW,298,6,1,0,2,7,2,28.6,0.14,12,4,0,0,0
João Vitor Fonseca da Silva,DF,74,1,0,0,0,0,0,,,0,0,6,2,4
Luan Silva,MF,96,7,0,0,1,1,0,0.0,0.00,2,0,1,1,2
Lucas Silva,MF,584,14,0,0,5,4,0,0.0,0.00,8,2,8,10,6
Matheus Pereira da Silva,MF,553,14,0,0,1,8,1,12.5,0.00,13,3,7,3,6
Thiago Silva,DF,110,2,0,0,1,1,0,0.0,0.00,1,1,0,0,0
Luis Sinisterra,MF,347,8,1,0,0,12,3,25.0,0.08,7,1,2,3,2
Cauã Soares,FW,42,5,0,0,0,1,1,100.0,0.00,0,1,0,0,2
Cédric Soares,DF,267,8,0,0,1,2,0,0.0,0.00,2,0,14,3,4
Everton Soares,MF,378,10,1,1,2,12,2,16.7,0.08,8,4,8,1,6
Tiquinho Soares,FW,371,7,0,0,1,13,4,30.8,0.00,5,6,1,0,2
Fernando Sobral,MF,47,3,0,0,0,0,0,,,0,0,0,0,3
Ignacio Sosa,MF,419,15,0,0,5,5,1,20.0,0.00,16,19,18,3,8
Ramón Sosa,FWMF,867,17,4,2,3,20,7,35.0,0.20,16,19,31,4,2
Yeferson Soteldo,MF,614,14,0,0,0,10,4,40.0,0.00,1,11,31,2,3
Renê Sousa,FW,924,14,5,1,2,31,18,58.1,0.16,10,26,6,3,3
Fabiano Souza,DF,96,2,0,0,1,0,0,,,2,2,3,0,0
Gabriel Souza,MF,25,2,0,0,0,0,0,,,0,0,0,0,0
Hugo Souza,GK,1710,19,0,0,2,0,0,,,1,1,0,0,1
Igor Vinícius de Souza,DF,1301,15,0,1,4,4,2,50.0,0.00,16,16,35,12,28
Claudio Spinelli,FW,642,14,1,0,0,33,11,33.3,0.03,18,11,3,2,4
Raul Steffens,GK,676,8,0,0,1,0,0,,,0,2,1,0,0
Everaldo Stum,FW,1,1,0,0,0,0,0,38.9,0.22,0,2,0,0,0
Caio Suassuna,FW,7,1,0,0,0,0,0,,,0,1,2,0,0
Bruno Tabata,MF,178,8,0,0,0,8,3,37.5,0.00,3,3,24,0,2
Rubens Tadeu,MF,195,9,1,0,1,4,1,25.0,0.25,3,3,15,1,2
Gabriel Taliari,FW,555,9,3,0,0,15,6,40.0,0.20,11,18,3,1,3
Gonzalo Tapia,FW,278,11,0,0,1,8,1,12.5,0.00,6,7,13,1,3
Diego Tarzia,MF,520,16,2,2,1,18,10,55.6,0.11,11,11,26,2,11
Lucas Taverna,DF,117,3,0,0,1,1,0,0.0,0.00,4,1,3,2,1
Duplexe Tchamba,DF,1255,14,0,0,1,4,1,25.0,0.00,8,5,6,12,17
Tchê Tchê,MF,851,14,1,0,2,10,2,20.0,0.10,9,10,7,5,7
Alex Telles,DFMF,1419,18,2,3,3,9,2,22.2,0.00,23,8,103,17,14
Carlos Terán,DF,980,15,0,0,0,7,3,42.9,0.00,11,9,6,16,12
Miguel Terceros,MFFW,464,9,1,2,1,11,3,27.3,0.09,9,7,23,4,7
Tetê,MFFW,792,16,2,0,0,26,10,38.5,0.08,7,15,26,5,6
Thaciano,FWMF,608,13,2,0,2,15,3,20.0,0.13,4,7,7,3,7
Thomazella,GK,90,1,0,0,0,0,0,,,0,0,0,0,0
Rafael Thyere,DF,284,4,0,0,0,1,0,0.0,0.00,1,1,0,3,0
Tiago,MF,26,1,0,0,0,0,0,,,0,0,0,0,0
Tico,MF,2,1,0,0,0,0,0,,,0,1,0,0,0
Guilherme Tinga,DF,1118,14,0,2,0,6,2,33.3,0.00,3,8,25,21,9
Tissi,MF,66,2,0,0,0,1,0,0.0,0.00,1,2,0,0,0
Kauan Toledo,FWMF,281,5,0,2,0,5,1,20.0,0.00,7,5,4,1,6
Rafael Tolói,DF,472,6,0,0,3,4,1,25.0,0.00,8,3,1,6,10
Félix Torres Caicedo,DF,1109,15,1,0,3,11,2,18.2,0.09,13,5,2,27,11
Bruno Tubarão,DF,90,1,0,0,1,1,1,100.0,0.00,2,0,4,4,1
Enzo Vágner,FW,18,1,0,0,0,1,0,0.0,0.00,1,0,0,0,0
Vanderlan,DF,7,1,0,0,1,0,0,,,0,0,0,0,0
Guillermo Varela,DF,1161,15,0,3,3,4,0,0.0,0.00,7,10,41,16,9
Alejo Véliz,FW,155,2,0,0,0,4,0,0.0,0.00,4,1,0,0,1
Lucas Veríssimo,DF,1170,13,0,0,2,8,2,25.0,0.00,15,7,1,24,7
João Victor,DF,72,1,0,0,0,0,0,20.0,0.10,0,0,0,0,0
Marcos Victor,DF,140,4,0,0,0,0,0,,,0,0,0,1,2
Viery,DF,1168,13,1,0,4,6,2,33.3,0.17,20,8,4,5,18
Rodrigo Villagra,MF,1302,16,0,0,1,9,2,22.2,0.00,21,16,4,15,15
Lucas Villalba,MF,514,12,1,1,2,5,2,40.0,0.20,7,1,26,3,12
Néiser Villarreal,FW,544,12,3,1,0,20,8,40.0,0.15,9,15,2,1,5
Mathías Villasanti,MF,135,2,0,0,0,1,1,100.0,0.00,0,1,1,3,0
Vinicius,MF,239,6,0,0,0,0,0,,,2,4,0,3,1
Alix Vinicius,DF,1335,17,0,0,7,7,2,28.6,0.00,31,7,0,34,12
Carlos Vinícius,FW,1559,19,10,0,4,39,21,53.8,0.23,26,21,5,2,2
Heittor Vinicius,FW,27,2,0,0,0,0,0,,,1,0,0,0,0
Marcos Vinicius,DFMF,579,10,0,1,2,3,0,0.0,0.00,10,3,25,6,5
Vitão,DF,571,9,0,0,2,5,0,0.0,0.00,5,1,2,2,1
Vitinho,MF,1458,20,1,3,4,32,11,34.4,0.03,28,31,51,15,19
João Vitor,MF,595,11,0,0,1,19,3,15.8,0.00,11,7,19,1,8
Zé Vitor,MF,823,13,1,0,3,12,3,25.0,0.08,25,21,6,6,14
Kevin Viveros,FW,1778,20,12,2,3,55,30,54.5,0.18,44,65,10,1,3
Tiago Volpi,GK,1170,13,2,0,1,2,2,100.0,0.00,0,0,0,0,1
Wagner,DF,684,9,0,0,3,2,0,0.0,0.00,10,2,0,7,9
Walace,MF,30,2,0,0,0,1,0,0.0,0.00,0,0,0,0,0
Wallace,MF,52,7,0,0,1,1,0,0.0,0.00,3,5,0,0,0
Walter,GK,1710,19,0,0,3,0,0,,,1,0,0,0,0
Wanderson,MF,436,16,1,0,0,13,4,30.8,0.08,8,3,20,0,6
Warleson,GK,180,2,0,0,1,0,0,,,0,1,0,0,0
José Welison,MF,1050,17,0,0,3,11,0,0.0,0.00,22,12,6,22,17
João Wellington,MF,227,3,0,0,0,4,3,75.0,0.00,3,4,2,2,5
Wendell,DFMF,946,14,0,3,4,6,1,16.7,0.00,30,8,30,8,14
Wéverton,GK,1620,18,0,1,1,0,0,,,1,5,0,0,0
William,DF,643,11,0,0,3,6,2,33.3,0.00,10,4,57,8,10
Willian,MF,475,10,0,0,0,5,0,0.0,0.00,9,3,0,10,7
Mateus Xavier,MF,5,1,0,0,0,0,0,,,1,0,0,0,1
Samuel Xavier,DF,1055,13,0,0,3,6,2,33.3,0.00,15,23,16,10,15
Ythallo,DF,45,1,0,0,1,0,0,,,1,0,0,0,0
Yuri,MF,323,6,0,0,0,1,1,100.0,0.00,4,4,3,6,6
Bruno Zapelli,MF,683,15,0,1,4,10,2,20.0,0.00,9,8,30,7,5
Bernardo Zortea,MF,69,3,0,0,0,1,0,0.0,0.00,4,0,0,0,1
Lukas Zuccarello,MF,11,1,0,0,0,1,0,0.0,0.00,0,1,0,1,0
